model_name,total_params,dataset_name,dataset_size,dataset_size_after_filter_wrt_input_len,src_lang,tgt_lang,batch_size,beam_size,max_gen_length,max_input_seq_length,tokenizer_padding_setting,sacrebleu,spBleu,chrf,chrfpp,meteor,gen_len,encoder_latency_s,decoder_latency_s,encoder_throughput,decoder_throughput
facebook/nllb-200-distilled-600M,615073792,wmt14,3000,3000,en,fr,32,1,128,-1,pad_to_max_length,28.628810138346285,31.66367255110936,57.35035591553086,55.01694705332264,0.5766593189737029,42.30233333333333,0.009399234317243052,0.005849039960098998,10829180.0,21697064.965487435
facebook/nllb-200-distilled-600M,615073792,wmt14,3000,3000,en,fr,32,2,128,-1,pad_to_max_length,28.65913357299326,31.620248611605163,57.70414246556569,55.35942416142346,0.5815069195568738,43.045,0.005526347714971621,0.005757321833594929,18418314.0,22429699.734080493
facebook/nllb-200-distilled-600M,615073792,wmt14,1,1,en,fr,32,1,128,-1,pad_to_max_length,51.424016050282646,60.68410610880495,89.55871677151848,88.76985186633549,0.9293241279069768,30.0,0.3704832561779767,0.00553542045587348,56.682724,5419.642507583654
facebook/nllb-200-distilled-600M,615073792,wmt14,1,1,en,fr,32,2,128,-1,pad_to_max_length,51.424016050282646,60.68410610880495,89.55871677151848,88.76985186633549,0.9293241279069768,30.0,0.0076163681223988,0.0058013407358278365,2757.2197,5171.218407277206
facebook/nllb-200-distilled-600M,615073792,wmt14,1,1,en,fr,32,4,128,-1,pad_to_max_length,51.424016050282646,60.68410610880495,89.55871677151848,88.76985186633549,0.9293241279069768,30.0,0.0081696761772036,0.005952869984321253,2570.4812,5039.585960891871
facebook/nllb-200-distilled-600M,615073792,wmt14,1,1,en,fr,32,1,128,-1,do_not_pad,51.424016050282646,60.68410610880495,89.55871677151848,88.76985186633549,0.9293241279069768,30.0,0.008998136036098,0.00557492186861301,2333.8167,5381.241335219596
facebook/nllb-200-distilled-600M,615073792,wmt14,1,1,en,fr,32,2,128,-1,do_not_pad,51.424016050282646,60.68410610880495,89.55871677151848,88.76985186633549,0.9293241279069768,30.0,0.0112644650507718,0.0059123635990544765,1864.2695,5074.112831084626
facebook/nllb-200-distilled-600M,615073792,wmt14,1,1,en,fr,32,4,128,-1,do_not_pad,51.424016050282646,60.68410610880495,89.55871677151848,88.76985186633549,0.9293241279069768,30.0,0.0085306500550359,0.005921405677994043,2461.7114,5066.364581553701
