model_name,total_params,dataset_name,dataset_size,dataset_size_after_filter_wrt_input_len,src_lang,tgt_lang,batch_size,beam_size,max_gen_length,max_input_seq_length,tokenizer_padding_setting,sacrebleu,spBleu,chrf,chrfpp,meteor,gen_len,encoder_latency_s,decoder_latency_s,encoder_throughput,decoder_throughput
facebook/nllb-200-distilled-600M,615073792,wmt14,3000,3000,en,fr,32,1,128,-1,pad_to_max_length,28.628810138346285,31.66367255110936,57.35035591553086,55.01694705332264,0.5766593189737029,42.30233333333333,0.009318971768655622,0.005710852922787733,10922450.0,22222074.6560657
facebook/nllb-200-distilled-600M,615073792,wmt14,3000,3000,en,fr,32,2,128,-1,pad_to_max_length,28.65913357299326,31.620248611605163,57.70414246556569,55.35942416142346,0.5815069195568738,43.045,0.005538967096226918,0.00568940558589439,18376350.0,22697450.208183676
facebook/nllb-200-distilled-600M,615073792,wmt14,3000,3000,en,fr,32,4,128,-1,pad_to_max_length,28.678043691490817,31.588079533550697,57.92754654502935,55.56902802817481,0.5842630678345492,43.587666666666664,0.012640600320585813,0.005827878213217332,8052307.5,22437497.012795527
facebook/nllb-200-distilled-600M,615073792,wmt14,3000,3000,en,fr,32,8,128,-1,pad_to_max_length,28.655414162222954,31.522071720854417,57.993018349781636,55.633290508191415,0.5846951400523619,43.88033333333333,0.014381952046297754,0.006398485222707798,7077343.0,20573775.732546017
facebook/nllb-200-distilled-600M,615073792,wmt14,3000,3000,en,fr,32,1,128,-1,do_not_pad,28.628810138346285,31.66367255110936,57.35035591553086,55.01694705332264,0.5766593189737029,42.30233333333333,0.005517208183362555,0.005650539809905991,18448824.0,22459270.135132696
facebook/nllb-200-distilled-600M,615073792,wmt14,3000,3000,en,fr,32,2,128,-1,do_not_pad,28.65913357299326,31.620248611605163,57.70414246556569,55.35942416142346,0.5815069195568738,43.045,0.005600313534662873,0.0057437032328712615,18175054.0,22482881.646976348
