model_name,total_params,dataset_name,dataset_size,dataset_size_after_filter_wrt_input_len,src_lang,tgt_lang,batch_size,beam_size,max_gen_length,max_input_seq_length,tokenizer_padding_setting,sacrebleu,spBleu,chrf,chrfpp,meteor,gen_len,encoder_latency_s,decoder_latency_s,encoder_throughput,decoder_throughput
facebook/nllb-moe-54b,524717009,wmt14,1,1,en,fr,1,1,20,-1,no_pad_fill,0.0,0.0,12.233248046603224,9.174936034952418,0.0,20.0,63.23409290006384,2.4865969993223094,0.33209935,8.043120781313075
facebook/nllb-moe-54b,524717009,wmt14,1,1,en,fr,1,2,20,-1,no_pad_fill,0.0,0.0,9.540959539701202,7.155719654775902,0.0,20.0,14.838084222050384,0.7509191981026608,1.415277,26.63402407413977
facebook/nllb-moe-54b,524717009,wmt14,1,1,en,fr,1,4,20,-1,no_pad_fill,0.0,0.0,12.430938258422106,9.323203693816575,0.0,20.0,17.95431335293688,1.1455275083548928,1.1696354,17.459205347868306
facebook/nllb-moe-54b,524717009,wmt14,1,1,en,fr,1,1,32,-1,no_pad_fill,0.0,0.0,12.049999603807512,9.037499702855634,0.0,32.0,11.859851154033096,0.33127095095903397,1.77068,96.59766395864038
facebook/nllb-moe-54b,524717009,wmt14,1,1,en,fr,1,2,32,-1,no_pad_fill,0.0,0.0,11.12803727478742,8.346027956090564,0.0,32.0,11.748315698932856,0.5309073938837936,1.7874902,60.274165266201294
