model_name,total_params,dataset_name,dataset_size,dataset_size_after_filter_wrt_input_len,src_lang,tgt_lang,batch_size,beam_size,max_gen_length,max_input_seq_length,tokenizer_padding_setting,sacrebleu,spBleu,chrf,chrfpp,meteor,gen_len,encoder_latency_s,decoder_latency_s,encoder_throughput,decoder_throughput
google/switch-base-128,3318,wmt14,1,1,en,fr,32,64,64,10,do_not_pad,0.0,0.0,7.123104498207568,5.342328373655676,0.0,63.0,5.617764153983444,0.4492497521023901,3.3821287,140.2338002529191
google/switch-base-128,3318,wmt14,1,1,en,fr,16,4,128,-1,pad_to_max_length,0.0,0.0,17.069390970251995,12.802043227688994,0.0,20.0,5.396237398963422,0.3656602121024792,3.520972,54.69558715454347
google/switch-base-128,3318,wmt14,3000,3000,en,fr,16,4,128,-1,pad_to_max_length,0.0,0.0062498236294945084,1.5342266550700823,1.973425055632622,0.027692715322664423,127.0,0.02257809425119623,0.02074378382480769,4212401.5,18366948.056234486
google/switch-base-128,3318,wmt14,1,1,en,fr,16,1,128,-1,pad_to_max_length,0.0,0.0,7.1308678663804965,5.348150899785372,0.0,9.0,5.1235990601126105,0.3525203152870138,3.7083309,25.53044352258794
google/switch-base-128,3318,wmt14,1,1,en,fr,16,2,128,-1,pad_to_max_length,0.0,0.0,9.059941101138563,6.794955825853923,0.0,42.0,0.0857329771388322,0.11266395797429136,221.61835,372.7900275754907
google/switch-base-128,3318,wmt14,1,1,en,fr,16,8,128,-1,pad_to_max_length,0.0,0.0,17.069390970251995,12.802043227688994,0.0,20.0,0.0871377028524875,0.1265605779065351,218.0457,158.02709130144763
google/switch-base-128,3318,wmt14,1,1,en,fr,16,16,128,-1,pad_to_max_length,0.0,0.0,17.069390970251995,12.802043227688994,0.0,20.0,0.0858832788653671,0.12002914436269806,221.23047,166.62619821370217
