model_name,total_params,dataset_name,dataset_size,dataset_size_after_filter_wrt_input_len,src_lang,tgt_lang,batch_size,beam_size,max_gen_length,max_input_seq_length,tokenizer_padding_setting,sacrebleu,spBleu,chrf,chrfpp,meteor,gen_len,encoder_latency_s,decoder_latency_s,encoder_throughput,decoder_throughput
google/switch-base-128,3318,flores200,1,1,en,fr,16,4,128,-1,pad_to_max_length,0.3084230429372426,0.0046843092330498964,6.215161256342579,5.128034618608129,0.008012820512820514,32.0,0.5655105100013316,0.044156464974622424,106.09882,724.6956933348496
google/switch-base-128,3318,flores200,997,997,en,fr,16,4,128,-1,pad_to_max_length,0.0,0.012785841818056974,1.6026070294468102,1.972509221003719,0.022310672535075706,127.0,0.021394254321912404,0.02078913926894096,1599261.1,6090632.149892285
