model_name,total_params,dataset_name,dataset_size,src_lang,tgt_lang,batch_size,beam_size,max_length,max_source_length,sacrebleu,spBleu,chrf,chrfpp,meteor,gen_len
t5-small,60506624,wmt14,3000,en,fr,64,1,128,1024,29.2577424754731,33.82105759454683,56.1093905393647,53.64851267917467,0.5465883001441911,39.72266666666667
t5-small,60506624,wmt14,3000,en,fr,64,1,128,1024,29.2577424754731,33.82105759454683,56.1093905393647,53.64851267917467,0.5465883001441911,39.72266666666667
t5-small,60506624,wmt14,3000,en,fr,64,1,128,1024,29.2577424754731,33.82105759454683,56.1093905393647,53.64851267917467,0.5465883001441911,39.72266666666667
t5-small,60506624,wmt14,3000,en,fr,64,1,128,1024,29.2577424754731,33.82105759454683,56.1093905393647,53.64851267917467,0.5465883001441911,39.72266666666667
t5-small,60506624,wmt14,3000,en,fr,64,1,128,1024,29.2577424754731,33.82105759454683,56.1093905393647,53.64851267917467,0.5465883001441911,39.72266666666667
t5-small,60506624,wmt14,3000,en,fr,64,1,128,1024,29.2577424754731,33.82105759454683,56.1093905393647,53.64851267917467,0.5465883001441911,39.72266666666667
