model_name,total_params,dataset_name,dataset_size,dataset_size_after_filter_wrt_input_len,src_lang,tgt_lang,batch_size,beam_size,max_gen_length,max_input_seq_length,tokenizer_padding_setting,sacrebleu,spBleu,chrf,chrfpp,meteor,gen_len,encoder_latency_s,decoder_latency_s,encoder_throughput,decoder_throughput
t5-large,737668096,wmt14,3000,3000,en,fr,32,1,128,-1,pad_to_max_length,32.08568394420873,36.82882707545699,58.115874159772964,55.78827403997613,0.5743825842414272,39.319,0.010959376707336162,0.015039703287456924,8678231.0,7843040.367583306
t5-large,737668096,wmt14,3000,3000,en,fr,32,2,128,-1,pad_to_max_length,32.630036124308035,37.58277998361435,58.532782540691784,56.207516002889115,0.5788521698733469,39.766333333333336,0.010995764206064454,0.01603411652806418,8649512.0,7440322.626519113
